anatomical_site_index	anatomical_site_label	cluster_index	character_index	character_label	ref	var	var_read_prob	site_category
0	P	0	0	0	104	112	0.5	primary
0	P	1	1	1	203	12	0.5	primary
0	P	1	2	2	197	15	0.5	primary
0	P	10	3	3	218	0	0.5	primary
0	P	1	4	4	190	13	0.5	primary
0	P	10	5	5	188	0	0.5	primary
0	P	1	6	6	145	11	0.5	primary
0	P	10	7	7	204	0	0.5	primary
0	P	10	8	8	187	0	0.5	primary
0	P	10	9	9	214	0	0.5	primary
0	P	10	10	10	193	0	0.5	primary
0	P	3	11	12	191	0	0.5	primary
0	P	2	12	13	177	11	0.5	primary
0	P	10	13	14	227	0	0.5	primary
0	P	10	14	15	205	0	0.5	primary
0	P	10	15	17	215	0	0.5	primary
0	P	3	16	18	189	0	0.5	primary
0	P	2	17	19	185	13	0.5	primary
0	P	2	18	20	193	13	0.5	primary
0	P	3	19	21	205	0	0.5	primary
0	P	10	20	22	191	0	0.5	primary
0	P	2	21	23	187	9	0.5	primary
0	P	3	22	24	210	0	0.5	primary
0	P	2	23	25	168	11	0.5	primary
0	P	3	24	26	217	0	0.5	primary
0	P	2	25	28	178	10	0.5	primary
0	P	10	26	29	203	0	0.5	primary
0	P	3	27	31	183	0	0.5	primary
0	P	4	28	33	183	10	0.5	primary
0	P	5	29	35	220	0	0.5	primary
0	P	6	30	38	168	10	0.5	primary
0	P	10	31	41	201	0	0.5	primary
0	P	8	32	43	208	8	0.5	primary
0	P	8	33	44	162	6	0.5	primary
0	P	10	34	45	191	0	0.5	primary
0	P	9	35	47	201	0	0.5	primary
0	P	10	36	48	199	0	0.5	primary
0	P	8	37	49	200	7	0.5	primary
0	P	7	38	50	195	0	0.5	primary
0	P	8	39	53	188	15	0.5	primary
0	P	10	40	54	198	0	0.5	primary
0	P	10	41	55	208	0	0.5	primary
0	P	12	42	56	208	0	0.5	primary
0	P	9	43	57	216	0	0.5	primary
0	P	10	44	58	203	0	0.5	primary
0	P	10	45	59	210	0	0.5	primary
0	P	11	46	60	188	0	0.5	primary
0	P	12	47	63	205	0	0.5	primary
0	P	0	0	0	108	127	0.5	primary
0	P	1	1	1	184	0	0.5	primary
0	P	1	2	2	188	0	0.5	primary
0	P	10	3	3	194	0	0.5	primary
0	P	1	4	4	170	0	0.5	primary
0	P	10	5	5	188	0	0.5	primary
0	P	1	6	6	211	0	0.5	primary
0	P	10	7	7	222	0	0.5	primary
0	P	10	8	8	212	0	0.5	primary
0	P	10	9	9	204	0	0.5	primary
0	P	10	10	10	180	0	0.5	primary
0	P	3	11	12	222	0	0.5	primary
0	P	2	12	13	194	0	0.5	primary
0	P	10	13	14	202	0	0.5	primary
0	P	10	14	15	186	0	0.5	primary
0	P	10	15	17	207	0	0.5	primary
0	P	3	16	18	196	0	0.5	primary
0	P	2	17	19	193	0	0.5	primary
0	P	2	18	20	198	0	0.5	primary
0	P	3	19	21	208	0	0.5	primary
0	P	10	20	22	219	0	0.5	primary
0	P	2	21	23	206	0	0.5	primary
0	P	3	22	24	223	0	0.5	primary
0	P	2	23	25	194	0	0.5	primary
0	P	3	24	26	212	0	0.5	primary
0	P	2	25	28	198	0	0.5	primary
0	P	10	26	29	194	0	0.5	primary
0	P	3	27	31	199	0	0.5	primary
0	P	4	28	33	208	0	0.5	primary
0	P	5	29	35	206	0	0.5	primary
0	P	6	30	38	222	0	0.5	primary
0	P	10	31	41	229	0	0.5	primary
0	P	8	32	43	199	0	0.5	primary
0	P	8	33	44	208	0	0.5	primary
0	P	10	34	45	208	0	0.5	primary
0	P	9	35	47	202	0	0.5	primary
0	P	10	36	48	185	0	0.5	primary
0	P	8	37	49	209	0	0.5	primary
0	P	7	38	50	195	0	0.5	primary
0	P	8	39	53	203	0	0.5	primary
0	P	10	40	54	179	0	0.5	primary
0	P	10	41	55	216	0	0.5	primary
0	P	12	42	56	216	0	0.5	primary
0	P	9	43	57	193	0	0.5	primary
0	P	10	44	58	215	0	0.5	primary
0	P	10	45	59	198	0	0.5	primary
0	P	11	46	60	214	0	0.5	primary
0	P	12	47	63	196	0	0.5	primary
1	M1	0	0	0	82	103	0.5	metastasis
1	M1	1	1	1	110	92	0.5	metastasis
1	M1	1	2	2	130	93	0.5	metastasis
1	M1	10	3	3	205	0	0.5	metastasis
1	M1	1	4	4	98	117	0.5	metastasis
1	M1	10	5	5	204	0	0.5	metastasis
1	M1	1	6	6	98	100	0.5	metastasis
1	M1	10	7	7	192	0	0.5	metastasis
1	M1	10	8	8	218	0	0.5	metastasis
1	M1	10	9	9	223	0	0.5	metastasis
1	M1	10	10	10	188	0	0.5	metastasis
1	M1	3	11	12	198	0	0.5	metastasis
1	M1	2	12	13	99	76	0.5	metastasis
1	M1	10	13	14	176	0	0.5	metastasis
1	M1	10	14	15	183	0	0.5	metastasis
1	M1	10	15	17	222	0	0.5	metastasis
1	M1	3	16	18	187	0	0.5	metastasis
1	M1	2	17	19	122	93	0.5	metastasis
1	M1	2	18	20	119	77	0.5	metastasis
1	M1	3	19	21	177	0	0.5	metastasis
1	M1	10	20	22	177	0	0.5	metastasis
1	M1	2	21	23	100	89	0.5	metastasis
1	M1	3	22	24	221	0	0.5	metastasis
1	M1	2	23	25	126	97	0.5	metastasis
1	M1	3	24	26	193	0	0.5	metastasis
1	M1	2	25	28	116	82	0.5	metastasis
1	M1	10	26	29	200	0	0.5	metastasis
1	M1	3	27	31	176	0	0.5	metastasis
1	M1	4	28	33	176	0	0.5	metastasis
1	M1	5	29	35	200	27	0.5	metastasis
1	M1	6	30	38	189	0	0.5	metastasis
1	M1	10	31	41	181	0	0.5	metastasis
1	M1	8	32	43	182	0	0.5	metastasis
1	M1	8	33	44	208	0	0.5	metastasis
1	M1	10	34	45	228	0	0.5	metastasis
1	M1	9	35	47	208	0	0.5	metastasis
1	M1	10	36	48	179	0	0.5	metastasis
1	M1	8	37	49	198	0	0.5	metastasis
1	M1	7	38	50	180	0	0.5	metastasis
1	M1	8	39	53	191	0	0.5	metastasis
1	M1	10	40	54	197	0	0.5	metastasis
1	M1	10	41	55	180	0	0.5	metastasis
1	M1	12	42	56	198	0	0.5	metastasis
1	M1	9	43	57	208	0	0.5	metastasis
1	M1	10	44	58	200	0	0.5	metastasis
1	M1	10	45	59	191	0	0.5	metastasis
1	M1	11	46	60	210	0	0.5	metastasis
1	M1	12	47	63	219	0	0.5	metastasis
2	M2	0	0	0	102	102	0.5	metastasis
2	M2	1	1	1	108	91	0.5	metastasis
2	M2	1	2	2	93	114	0.5	metastasis
2	M2	10	3	3	188	0	0.5	metastasis
2	M2	1	4	4	111	96	0.5	metastasis
2	M2	10	5	5	203	0	0.5	metastasis
2	M2	1	6	6	81	97	0.5	metastasis
2	M2	10	7	7	213	0	0.5	metastasis
2	M2	10	8	8	211	0	0.5	metastasis
2	M2	10	9	9	180	0	0.5	metastasis
2	M2	10	10	10	203	0	0.5	metastasis
2	M2	3	11	12	95	101	0.5	metastasis
2	M2	2	12	13	197	0	0.5	metastasis
2	M2	10	13	14	201	0	0.5	metastasis
2	M2	10	14	15	206	0	0.5	metastasis
2	M2	10	15	17	234	0	0.5	metastasis
2	M2	3	16	18	98	99	0.5	metastasis
2	M2	2	17	19	230	0	0.5	metastasis
2	M2	2	18	20	168	0	0.5	metastasis
2	M2	3	19	21	109	102	0.5	metastasis
2	M2	10	20	22	225	0	0.5	metastasis
2	M2	2	21	23	194	0	0.5	metastasis
2	M2	3	22	24	90	92	0.5	metastasis
2	M2	2	23	25	200	0	0.5	metastasis
2	M2	3	24	26	84	98	0.5	metastasis
2	M2	2	25	28	197	0	0.5	metastasis
2	M2	10	26	29	203	0	0.5	metastasis
2	M2	3	27	31	126	62	0.5	metastasis
2	M2	4	28	33	155	0	0.5	metastasis
2	M2	5	29	35	206	0	0.5	metastasis
2	M2	6	30	38	206	0	0.5	metastasis
2	M2	10	31	41	191	0	0.5	metastasis
2	M2	8	32	43	200	0	0.5	metastasis
2	M2	8	33	44	211	0	0.5	metastasis
2	M2	10	34	45	218	0	0.5	metastasis
2	M2	9	35	47	190	0	0.5	metastasis
2	M2	10	36	48	220	0	0.5	metastasis
2	M2	8	37	49	200	0	0.5	metastasis
2	M2	7	38	50	198	0	0.5	metastasis
2	M2	8	39	53	196	0	0.5	metastasis
2	M2	10	40	54	176	0	0.5	metastasis
2	M2	10	41	55	200	0	0.5	metastasis
2	M2	12	42	56	198	0	0.5	metastasis
2	M2	9	43	57	205	0	0.5	metastasis
2	M2	10	44	58	230	0	0.5	metastasis
2	M2	10	45	59	180	0	0.5	metastasis
2	M2	11	46	60	197	0	0.5	metastasis
2	M2	12	47	63	191	0	0.5	metastasis
3	M3	0	0	0	109	103	0.5	metastasis
3	M3	1	1	1	102	101	0.5	metastasis
3	M3	1	2	2	91	93	0.5	metastasis
3	M3	10	3	3	200	0	0.5	metastasis
3	M3	1	4	4	100	93	0.5	metastasis
3	M3	10	5	5	190	0	0.5	metastasis
3	M3	1	6	6	100	78	0.5	metastasis
3	M3	10	7	7	183	0	0.5	metastasis
3	M3	10	8	8	173	0	0.5	metastasis
3	M3	10	9	9	202	0	0.5	metastasis
3	M3	10	10	10	209	0	0.5	metastasis
3	M3	3	11	12	193	0	0.5	metastasis
3	M3	2	12	13	111	103	0.5	metastasis
3	M3	10	13	14	209	0	0.5	metastasis
3	M3	10	14	15	188	0	0.5	metastasis
3	M3	10	15	17	183	0	0.5	metastasis
3	M3	3	16	18	195	0	0.5	metastasis
3	M3	2	17	19	95	95	0.5	metastasis
3	M3	2	18	20	95	95	0.5	metastasis
3	M3	3	19	21	207	0	0.5	metastasis
3	M3	10	20	22	166	0	0.5	metastasis
3	M3	2	21	23	93	86	0.5	metastasis
3	M3	3	22	24	212	0	0.5	metastasis
3	M3	2	23	25	94	101	0.5	metastasis
3	M3	3	24	26	211	0	0.5	metastasis
3	M3	2	25	28	96	101	0.5	metastasis
3	M3	10	26	29	175	0	0.5	metastasis
3	M3	3	27	31	191	0	0.5	metastasis
3	M3	4	28	33	108	101	0.5	metastasis
3	M3	5	29	35	188	0	0.5	metastasis
3	M3	6	30	38	213	0	0.5	metastasis
3	M3	10	31	41	202	0	0.5	metastasis
3	M3	8	32	43	213	0	0.5	metastasis
3	M3	8	33	44	190	0	0.5	metastasis
3	M3	10	34	45	202	0	0.5	metastasis
3	M3	9	35	47	196	0	0.5	metastasis
3	M3	10	36	48	194	0	0.5	metastasis
3	M3	8	37	49	191	0	0.5	metastasis
3	M3	7	38	50	107	99	0.5	metastasis
3	M3	8	39	53	187	0	0.5	metastasis
3	M3	10	40	54	216	0	0.5	metastasis
3	M3	10	41	55	200	0	0.5	metastasis
3	M3	12	42	56	200	0	0.5	metastasis
3	M3	9	43	57	205	0	0.5	metastasis
3	M3	10	44	58	191	0	0.5	metastasis
3	M3	10	45	59	214	0	0.5	metastasis
3	M3	11	46	60	192	0	0.5	metastasis
3	M3	12	47	63	183	0	0.5	metastasis
4	M4	0	0	0	75	97	0.5	metastasis
4	M4	1	1	1	88	92	0.5	metastasis
4	M4	1	2	2	99	101	0.5	metastasis
4	M4	10	3	3	218	0	0.5	metastasis
4	M4	1	4	4	107	89	0.5	metastasis
4	M4	10	5	5	212	0	0.5	metastasis
4	M4	1	6	6	103	94	0.5	metastasis
4	M4	10	7	7	206	0	0.5	metastasis
4	M4	10	8	8	205	0	0.5	metastasis
4	M4	10	9	9	185	0	0.5	metastasis
4	M4	10	10	10	196	0	0.5	metastasis
4	M4	3	11	12	181	0	0.5	metastasis
4	M4	2	12	13	101	93	0.5	metastasis
4	M4	10	13	14	179	0	0.5	metastasis
4	M4	10	14	15	206	0	0.5	metastasis
4	M4	10	15	17	215	0	0.5	metastasis
4	M4	3	16	18	209	0	0.5	metastasis
4	M4	2	17	19	107	91	0.5	metastasis
4	M4	2	18	20	110	119	0.5	metastasis
4	M4	3	19	21	204	0	0.5	metastasis
4	M4	10	20	22	214	0	0.5	metastasis
4	M4	2	21	23	117	109	0.5	metastasis
4	M4	3	22	24	220	0	0.5	metastasis
4	M4	2	23	25	80	117	0.5	metastasis
4	M4	3	24	26	200	0	0.5	metastasis
4	M4	2	25	28	94	114	0.5	metastasis
4	M4	10	26	29	198	0	0.5	metastasis
4	M4	3	27	31	219	0	0.5	metastasis
4	M4	4	28	33	213	0	0.5	metastasis
4	M4	5	29	35	207	0	0.5	metastasis
4	M4	6	30	38	200	0	0.5	metastasis
4	M4	10	31	41	193	0	0.5	metastasis
4	M4	8	32	43	196	0	0.5	metastasis
4	M4	8	33	44	200	0	0.5	metastasis
4	M4	10	34	45	213	0	0.5	metastasis
4	M4	9	35	47	103	98	0.5	metastasis
4	M4	10	36	48	232	0	0.5	metastasis
4	M4	8	37	49	193	0	0.5	metastasis
4	M4	7	38	50	210	0	0.5	metastasis
4	M4	8	39	53	192	0	0.5	metastasis
4	M4	10	40	54	186	0	0.5	metastasis
4	M4	10	41	55	205	0	0.5	metastasis
4	M4	12	42	56	215	0	0.5	metastasis
4	M4	9	43	57	145	61	0.5	metastasis
4	M4	10	44	58	170	0	0.5	metastasis
4	M4	10	45	59	207	0	0.5	metastasis
4	M4	11	46	60	209	0	0.5	metastasis
4	M4	12	47	63	207	0	0.5	metastasis
5	M5	0	0	0	94	89	0.5	metastasis
5	M5	1	1	1	145	61	0.5	metastasis
5	M5	1	2	2	141	65	0.5	metastasis
5	M5	10	3	3	167	42	0.5	metastasis
5	M5	1	4	4	162	47	0.5	metastasis
5	M5	10	5	5	152	32	0.5	metastasis
5	M5	1	6	6	135	52	0.5	metastasis
5	M5	10	7	7	168	38	0.5	metastasis
5	M5	10	8	8	159	36	0.5	metastasis
5	M5	10	9	9	167	35	0.5	metastasis
5	M5	10	10	10	142	40	0.5	metastasis
5	M5	3	11	12	201	0	0.5	metastasis
5	M5	2	12	13	174	31	0.5	metastasis
5	M5	10	13	14	158	51	0.5	metastasis
5	M5	10	14	15	165	38	0.5	metastasis
5	M5	10	15	17	142	37	0.5	metastasis
5	M5	3	16	18	197	0	0.5	metastasis
5	M5	2	17	19	172	27	0.5	metastasis
5	M5	2	18	20	172	29	0.5	metastasis
5	M5	3	19	21	193	0	0.5	metastasis
5	M5	10	20	22	187	43	0.5	metastasis
5	M5	2	21	23	163	31	0.5	metastasis
5	M5	3	22	24	195	0	0.5	metastasis
5	M5	2	23	25	177	21	0.5	metastasis
5	M5	3	24	26	198	0	0.5	metastasis
5	M5	2	25	28	157	33	0.5	metastasis
5	M5	10	26	29	154	42	0.5	metastasis
5	M5	3	27	31	221	0	0.5	metastasis
5	M5	4	28	33	203	0	0.5	metastasis
5	M5	5	29	35	218	0	0.5	metastasis
5	M5	6	30	38	201	0	0.5	metastasis
5	M5	10	31	41	171	39	0.5	metastasis
5	M5	8	32	43	202	0	0.5	metastasis
5	M5	8	33	44	227	0	0.5	metastasis
5	M5	10	34	45	163	38	0.5	metastasis
5	M5	9	35	47	198	0	0.5	metastasis
5	M5	10	36	48	192	33	0.5	metastasis
5	M5	8	37	49	195	0	0.5	metastasis
5	M5	7	38	50	173	0	0.5	metastasis
5	M5	8	39	53	198	0	0.5	metastasis
5	M5	10	40	54	174	26	0.5	metastasis
5	M5	10	41	55	167	22	0.5	metastasis
5	M5	12	42	56	207	0	0.5	metastasis
5	M5	9	43	57	183	0	0.5	metastasis
5	M5	10	44	58	171	36	0.5	metastasis
5	M5	10	45	59	169	28	0.5	metastasis
5	M5	11	46	60	198	0	0.5	metastasis
5	M5	12	47	63	190	0	0.5	metastasis
6	M6	0	0	0	100	101	0.5	metastasis
6	M6	1	1	1	88	101	0.5	metastasis
6	M6	1	2	2	110	101	0.5	metastasis
6	M6	10	3	3	186	0	0.5	metastasis
6	M6	1	4	4	102	87	0.5	metastasis
6	M6	10	5	5	188	0	0.5	metastasis
6	M6	1	6	6	98	99	0.5	metastasis
6	M6	10	7	7	211	0	0.5	metastasis
6	M6	10	8	8	239	0	0.5	metastasis
6	M6	10	9	9	193	0	0.5	metastasis
6	M6	10	10	10	194	0	0.5	metastasis
6	M6	3	11	12	203	0	0.5	metastasis
6	M6	2	12	13	107	75	0.5	metastasis
6	M6	10	13	14	218	0	0.5	metastasis
6	M6	10	14	15	190	0	0.5	metastasis
6	M6	10	15	17	200	0	0.5	metastasis
6	M6	3	16	18	188	0	0.5	metastasis
6	M6	2	17	19	109	110	0.5	metastasis
6	M6	2	18	20	102	92	0.5	metastasis
6	M6	3	19	21	210	0	0.5	metastasis
6	M6	10	20	22	207	0	0.5	metastasis
6	M6	2	21	23	103	101	0.5	metastasis
6	M6	3	22	24	216	0	0.5	metastasis
6	M6	2	23	25	127	113	0.5	metastasis
6	M6	3	24	26	188	0	0.5	metastasis
6	M6	2	25	28	88	90	0.5	metastasis
6	M6	10	26	29	195	0	0.5	metastasis
6	M6	3	27	31	186	0	0.5	metastasis
6	M6	4	28	33	102	109	0.5	metastasis
6	M6	5	29	35	223	0	0.5	metastasis
6	M6	6	30	38	105	108	0.5	metastasis
6	M6	10	31	41	224	0	0.5	metastasis
6	M6	8	32	43	185	0	0.5	metastasis
6	M6	8	33	44	181	0	0.5	metastasis
6	M6	10	34	45	210	0	0.5	metastasis
6	M6	9	35	47	186	0	0.5	metastasis
6	M6	10	36	48	187	0	0.5	metastasis
6	M6	8	37	49	203	0	0.5	metastasis
6	M6	7	38	50	214	0	0.5	metastasis
6	M6	8	39	53	205	0	0.5	metastasis
6	M6	10	40	54	178	0	0.5	metastasis
6	M6	10	41	55	196	0	0.5	metastasis
6	M6	12	42	56	111	82	0.5	metastasis
6	M6	9	43	57	241	0	0.5	metastasis
6	M6	10	44	58	207	0	0.5	metastasis
6	M6	10	45	59	196	0	0.5	metastasis
6	M6	11	46	60	199	5	0.5	metastasis
6	M6	12	47	63	156	45	0.5	metastasis
